"Title","Date"
"물의 기억","3/15/26"
"극장판 구름 위의 우체국: 겨울 편지","3/5/26"
"고양이와 우주선","3/3/26"
"Midnight Bakery","2/19/26"
"붉은 사막의 아이","2/10/26"
"여름의 마지막 정류장","2/8/26"
"라면 마스터: 8화","2/2/26"
"라면 마스터: 7화","2/1/26"
"라면 마스터: 6화","1/28/26"
"라면 마스터: 4화","1/24/26"
"라면 마스터: 5화","1/24/26"
"라면 마스터: 3화","1/23/26"
"라면 마스터: 2화","1/19/26"
"라면 마스터: 1화","1/17/26"
"구름 위의 우체국: 2기: 제8화","1/13/26"
"구름 위의 우체국: 2기: 제9화","1/13/26"
"구름 위의 우체국: 2기: 제7화","1/12/26"
"구름 위의 우체국: 2기: 제6화","1/9/26"
"구름 위의 우체국: 2기: 제5화","1/7/26"
"구름 위의 우체국: 2기: 제3화","1/6/26"
"구름 위의 우체국: 2기: 제4화","1/6/26"
"구름 위의 우체국: 2기: 제1화","1/5/26"
"구름 위의 우체국: 2기: 제2화","1/5/26"
"The Paper Lighthouse: Season 1: Episode 5","1/2/26"
"The Paper Lighthouse: Season 1: Episode 3","12/29/25"
"The Paper Lighthouse: Season 1: Episode 4","12/29/25"
"The Paper Lighthouse: Season 1: Episode 2","12/25/25"
"The Paper Lighthouse: Season 1: Episode 1","12/20/25"
"코드네임 나비: 리미티드 시리즈: 4화","12/15/25"
"코드네임 나비: 리미티드 시리즈: 5화","12/15/25"
"코드네임 나비: 리미티드 시리즈: 6화","12/15/25"
"코드네임 나비: 리미티드 시리즈: 2화","12/13/25"
"코드네임 나비: 리미티드 시리즈: 3화","12/13/25"
"코드네임 나비: 리미티드 시리즈: 1화","12/12/25"
"은하 정비공: 마지막 정비","12/10/25"
"은하 정비공: 블랙홀 세차장","12/9/25"
"은하 정비공: 정비공의 노래","12/6/25"
"은하 정비공: 궤도 이탈","12/5/25"
"은하 정비공: 첫 번째 렌치","11/29/25"
"심야의 서울: 시즌 2: 4화","11/23/25"
"심야의 서울: 시즌 2: 5화","11/23/25"
"심야의 서울: 시즌 2: 6화","11/23/25"
"심야의 서울: 시즌 2: 3화","11/22/25"
"심야의 서울: 시즌 2: 1화","11/18/25"
"심야의 서울: 시즌 2: 2화","11/18/25"
"심야의 서울: 시즌 1: 8화","11/14/25"
"심야의 서울: 시즌 1: 6화","11/12/25"
"심야의 서울: 시즌 1: 7화","11/12/25"
"심야의 서울: 시즌 1: 3화","11/8/25"
"심야의 서울: 시즌 1: 4화","11/8/25"
"심야의 서울: 시즌 1: 5화","11/8/25"
"심야의 서울: 시즌 1: 2화","11/5/25"
"심야의 서울: 시즌 1: 1화","11/4/25"
